day_of_week,AvgSteps,AvgCalories,AvgActiveMinutes
Sunday,6933.231404958678,2263,208.48760330578511
Monday,7780.866666666667,2324.2083333333335,229.16666666666666
Tuesday,8125.006578947368,2356.0131578947367,234.6315789473684
Wednesday,7559.373333333333,2302.62,223.73333333333332
Thursday,7405.836734693878,2199.5714285714284,216.7891156462585
Friday,7448.230158730159,2331.785714285714,236.36507936507937
Saturday,8152.975806451613,2354.967741935484,244.26612903225808
